City_ID,City,Lat,Lng,Max Temp,Humidity,Cloudiness,Wind Speed,Country,Date
0,tehuixtla,18.55,-99.2667,76.26,77,5,2.21,MX,2023-10-31 02:29:35
1,longyearbyen,78.2186,15.6401,33.64,75,75,12.66,SJ,2023-10-31 02:24:48
2,ta`u,-14.2336,-169.5144,80.47,79,34,24.56,AS,2023-10-31 02:29:35
3,hamilton,39.1834,-84.5333,39.97,84,40,3.44,US,2023-10-31 02:27:45
4,lukolela,-1.0605,17.1821,71.01,98,100,2.33,CD,2023-10-31 02:29:35
5,kayangel,8.0823,134.7173,83.8,74,13,7.07,PW,2023-10-31 02:29:35
6,ushuaia,-54.8,-68.3,38.86,65,75,23.02,AR,2023-10-31 02:26:25
7,kaitong,44.8135,123.15,51.35,34,100,14.81,CN,2023-10-31 02:29:35
8,port-aux-francais,-49.35,70.2167,38.7,88,100,39.19,TF,2023-10-31 02:24:41
9,dhidhdhoo,6.8833,73.1,80.82,76,72,2.57,MV,2023-10-31 02:29:35
10,san patricio,28.017,-97.5169,48.04,76,100,15.57,US,2023-10-31 02:29:35
11,albany,42.6001,-73.9662,43.05,81,100,4.0,US,2023-10-31 02:29:35
12,kone,-21.0595,164.8658,79.79,48,30,8.86,NC,2023-10-31 02:26:55
13,papatowai,-46.5619,169.4708,59.83,63,100,6.22,NZ,2023-10-31 02:29:36
14,queenstown,-31.8976,26.8753,43.61,82,50,2.51,ZA,2023-10-31 02:25:42
15,mana,5.6592,-53.7767,80.13,86,8,10.83,GF,2023-10-31 02:29:36
16,orapa,-21.2833,25.3667,58.95,83,37,17.29,BW,2023-10-31 02:29:36
17,bikenibeu village,1.3673,173.1241,87.76,70,40,5.75,KI,2023-10-31 02:25:26
18,camacupa,-12.0167,17.4833,64.99,89,100,4.65,AO,2023-10-31 02:29:36
19,rongelap,11.1635,166.8941,83.37,78,83,21.18,MH,2023-10-31 02:25:47
20,naze,28.3667,129.4833,76.12,66,91,11.95,JP,2023-10-31 02:29:36
21,marsh harbour,26.5412,-77.0636,79.9,87,4,15.08,BS,2023-10-31 02:29:36
22,mermoz boabab,14.7065,-17.4758,77.56,80,4,8.08,SN,2023-10-31 02:29:36
23,necochea,-38.5473,-58.7368,46.56,66,4,8.3,AR,2023-10-31 02:29:37
24,iskilip,40.7353,34.4739,59.11,68,100,2.64,TR,2023-10-31 02:29:37
25,constitucion,-35.3333,-72.4167,47.71,74,100,12.77,CL,2023-10-31 02:29:37
26,nazyvayevsk,55.5698,71.3529,21.96,94,96,11.3,RU,2023-10-31 02:29:37
27,togur,58.3631,82.8265,14.14,90,7,8.01,RU,2023-10-31 02:29:37
28,tiksi,71.6872,128.8694,-5.3,100,81,2.64,RU,2023-10-31 02:29:37
29,adamstown,-25.066,-130.1015,73.54,75,100,6.62,PN,2023-10-31 02:24:41
30,waitangi,-43.9535,-176.5597,59.83,79,100,14.0,NZ,2023-10-31 02:24:41
31,alexander city,32.944,-85.9539,55.31,88,100,12.66,US,2023-10-31 02:29:37
32,ikem,6.779,7.7169,72.73,87,100,2.95,NG,2023-10-31 02:29:37
33,argos orestiko,40.4667,21.2667,52.66,75,0,1.59,GR,2023-10-31 02:29:37
34,grootfontein,-19.5667,18.1167,62.17,39,0,2.3,NA,2023-10-31 02:27:13
35,avarua,-21.2078,-159.775,75.25,73,75,13.8,CK,2023-10-31 02:29:38
36,villa gesell,-37.2639,-56.973,53.06,59,33,12.01,AR,2023-10-31 02:26:40
37,enewetak,11.3474,162.3373,81.91,83,100,15.95,MH,2023-10-31 02:24:56
38,sao gotardo,-19.3111,-46.0489,73.33,68,100,2.62,BR,2023-10-31 02:29:38
39,bethel,41.3712,-73.414,49.77,81,100,4.61,US,2023-10-31 02:26:34
40,olonkinbyen,70.9221,-8.7187,35.24,75,100,11.5,SJ,2023-10-31 02:27:00
41,fale old settlement,-9.3852,-171.2468,83.52,77,100,15.9,TK,2023-10-31 02:29:38
42,kapa'a,22.0752,-159.319,82.72,73,40,8.05,US,2023-10-31 02:29:38
43,aykhal,66.0,111.5,-6.47,99,99,6.96,RU,2023-10-31 02:29:38
44,mitu,1.1983,-70.1733,79.41,75,70,1.72,CO,2023-10-31 02:28:00
45,karungdong,5.8844,121.263,85.35,66,91,5.35,PH,2023-10-31 02:29:38
46,remire-montjoly,4.9167,-52.2667,80.64,89,100,0.0,GF,2023-10-31 02:29:38
47,puerto ayora,-0.7393,-90.3518,74.55,91,100,4.0,EC,2023-10-31 02:29:38
48,nar'yan-mar,67.6713,53.087,20.1,95,89,10.0,RU,2023-10-31 02:25:15
49,west island,-12.1568,96.8225,80.58,83,40,16.11,CC,2023-10-31 02:24:43
50,bayganin,48.6947,55.8742,36.7,81,100,9.13,KZ,2023-10-31 02:29:39
51,pakuranga,-36.8833,174.9167,71.26,36,20,13.8,NZ,2023-10-31 02:29:39
52,thompson,55.7435,-97.8558,19.56,79,100,5.75,CA,2023-10-31 02:24:43
53,alesund,62.4723,6.1549,36.75,73,20,12.66,NO,2023-10-31 02:29:39
54,lihue,21.9789,-159.3672,81.99,72,40,8.05,US,2023-10-31 02:24:58
55,ilulissat,69.2167,-51.1,35.62,51,7,16.11,GL,2023-10-31 02:24:44
56,udachny,66.4167,112.4,-5.19,99,100,5.7,RU,2023-10-31 02:29:39
57,lazaro cardenas,17.9583,-102.2,79.99,86,13,3.94,MX,2023-10-31 02:29:39
58,shahrud,36.4182,54.9763,53.2,78,99,8.55,IR,2023-10-31 02:29:39
59,grytviken,-54.2811,-36.5092,37.33,81,83,6.6,GS,2023-10-31 02:24:43
60,labuan bajo,-8.4964,119.8877,86.02,61,1,7.99,ID,2023-10-31 02:29:40
61,clodomira,-27.5744,-64.1311,59.59,75,97,13.09,AR,2023-10-31 02:25:22
62,shuangjiang,26.1547,109.7138,69.82,56,100,1.88,CN,2023-10-31 02:29:40
63,lebu,-37.6167,-73.65,45.91,81,97,8.59,CL,2023-10-31 02:29:40
64,yellowknife,62.456,-114.3525,28.42,100,75,4.61,CA,2023-10-31 02:23:46
65,rumphi,-11.0186,33.8575,70.02,71,97,9.98,MW,2023-10-31 02:29:40
66,ribeira grande,38.5167,-28.7,67.77,85,50,18.99,PT,2023-10-31 02:24:57
67,flying fish cove,-10.4217,105.6791,82.08,78,100,9.22,CX,2023-10-31 02:29:40
68,invercargill,-46.4,168.35,62.02,72,100,5.01,NZ,2023-10-31 02:26:48
69,margaret river,-33.95,115.0667,64.63,43,78,4.9,AU,2023-10-31 02:29:40
70,denison,33.7557,-96.5367,43.56,68,0,5.75,US,2023-10-31 02:29:40
71,tolanaro,-25.0319,46.9987,75.27,88,75,0.0,MG,2023-10-31 02:26:30
72,tanumah,27.1,44.1333,69.08,36,43,4.79,SA,2023-10-31 02:29:40
73,bentiu,9.2333,29.8333,74.32,82,22,4.47,SS,2023-10-31 02:29:41
74,yatou,37.15,122.3833,72.27,58,0,19.15,CN,2023-10-31 02:29:41
75,urengoy,65.9667,78.3667,6.13,97,21,4.0,RU,2023-10-31 02:29:41
76,huarmey,-10.0681,-78.1522,67.64,87,38,7.47,PE,2023-10-31 02:29:41
77,bilibino,68.0546,166.4372,4.8,78,70,2.35,RU,2023-10-31 02:29:41
78,charters towers,-20.1,146.2667,90.79,21,5,11.05,AU,2023-10-31 02:24:56
79,yuzhno-kurilsk,44.0306,145.8556,52.38,81,23,11.12,RU,2023-10-31 02:29:41
80,edinburgh of the seven seas,-37.0676,-12.3116,56.21,96,100,28.54,SH,2023-10-31 02:24:40
81,puerto natales,-51.7236,-72.4875,33.66,75,1,4.07,CL,2023-10-31 02:24:53
82,gunnedah,-30.9833,150.25,89.04,16,100,11.3,AU,2023-10-31 02:29:41
83,blackmans bay,-43.0167,147.3167,57.52,48,79,8.99,AU,2023-10-31 02:29:41
84,wailua homesteads,22.0669,-159.378,81.39,73,40,8.05,US,2023-10-31 02:24:47
85,port elizabeth,-33.918,25.5701,59.29,83,0,11.5,ZA,2023-10-31 02:26:52
86,bel air north,39.5543,-76.3731,53.64,76,99,1.99,US,2023-10-31 02:29:42
87,magdagachi,53.45,125.8,22.06,38,100,3.85,RU,2023-10-31 02:29:42
88,vadso,70.0744,29.7487,30.36,86,75,12.66,NO,2023-10-31 02:29:42
89,iqaluit,63.7506,-68.5145,10.13,78,75,17.27,CA,2023-10-31 02:26:47
90,arkhangel'sk,64.5401,40.5433,17.13,97,54,4.47,RU,2023-10-31 02:29:42
91,okhotsk,59.3833,143.3,30.16,94,100,8.99,RU,2023-10-31 02:24:38
92,boa vista,2.8197,-60.6733,84.18,61,0,6.91,BR,2023-10-31 02:29:42
93,college,64.8569,-147.8028,33.75,83,75,0.0,US,2023-10-31 02:29:42
94,chonchi,-42.6128,-73.8092,37.11,96,3,1.1,CL,2023-10-31 02:24:51
95,dakhla,23.6848,-15.958,68.86,86,0,10.07,EH,2023-10-31 02:29:43
96,alofi,-19.0595,-169.9187,80.49,65,75,14.97,NU,2023-10-31 02:29:43
97,ternate,0.8,127.4,84.18,66,16,5.1,ID,2023-10-31 02:29:43
98,biograd na moru,43.9433,15.4519,69.76,83,100,37.96,HR,2023-10-31 02:29:43
99,talnakh,69.4865,88.3972,2.21,96,100,4.92,RU,2023-10-31 02:29:43
100,keflavik,64.0049,-22.5624,37.83,75,75,12.66,IS,2023-10-31 02:25:18
101,launceston,-41.45,147.1667,60.44,41,75,10.36,AU,2023-10-31 02:29:43
102,timbuktu,16.7735,-3.0074,84.29,12,100,8.84,ML,2023-10-31 02:29:43
103,buchanan,5.8808,-10.0467,77.65,89,63,1.01,LR,2023-10-31 02:29:43
104,suva,-18.1416,178.4415,83.68,79,75,9.22,FJ,2023-10-31 02:29:43
105,papao,-17.75,-149.55,82.08,83,13,20.98,PF,2023-10-31 02:29:44
106,floro,61.5996,5.0328,41.97,55,0,6.91,NO,2023-10-31 02:29:44
107,dudinka,69.4058,86.1778,2.62,97,99,1.99,RU,2023-10-31 02:24:45
108,shaowu,27.3409,117.4831,72.81,64,6,2.28,CN,2023-10-31 02:29:44
109,san pedro del parana,-26.8333,-56.2,67.26,97,50,4.68,PY,2023-10-31 02:29:44
110,punta arenas,-53.15,-70.9167,37.51,60,0,10.36,CL,2023-10-31 02:27:21
111,am timan,11.0297,20.2827,76.05,49,38,2.68,TD,2023-10-31 02:24:54
112,koge,55.458,12.1821,49.98,96,100,3.44,DK,2023-10-31 02:29:44
113,rock hill,34.9249,-81.0251,70.99,66,0,3.44,US,2023-10-31 02:29:44
114,whitehorse,60.7161,-135.0538,34.57,93,100,5.75,CA,2023-10-31 02:29:44
115,brookings,44.3114,-96.7984,28.4,76,75,26.46,US,2023-10-31 02:29:44
116,trinidad,-14.8333,-64.9,86.34,47,55,8.05,BO,2023-10-31 02:29:45
117,kardla,58.9978,22.7492,35.06,96,100,14.94,EE,2023-10-31 02:29:45
118,miyaly,48.8844,53.7836,38.44,80,91,7.31,KZ,2023-10-31 02:29:45
119,cave creek,33.8333,-111.9508,70.05,20,0,4.0,US,2023-10-31 02:26:59
120,foggia,41.45,15.5333,71.85,77,20,8.05,IT,2023-10-31 02:29:45
121,polyarnyy,69.1989,33.4478,21.97,94,100,13.71,RU,2023-10-31 02:20:00
122,choyr,46.3611,108.3611,29.26,65,81,4.92,MN,2023-10-31 02:29:45
123,bredasdorp,-34.5322,20.0403,56.28,78,0,12.1,ZA,2023-10-31 02:26:34
124,constantia,44.1833,28.65,52.7,80,2,7.25,RO,2023-10-31 02:25:07
125,hithadhoo,-0.6,73.0833,80.33,80,100,10.42,MV,2023-10-31 02:29:45
126,toyohama,34.7,136.9333,73.17,56,1,1.81,JP,2023-10-31 02:29:45
127,keetmanshoop,-26.5833,18.1333,61.72,14,0,3.44,NA,2023-10-31 02:29:45
128,gamay,12.3854,125.2979,81.1,90,81,5.32,PH,2023-10-31 02:29:45
129,mossel bay,-34.1831,22.146,48.13,77,0,13.22,ZA,2023-10-31 02:24:36
130,la passe,45.5549,-0.8967,59.99,84,81,25.39,FR,2023-10-31 02:29:46
131,immendingen,47.9333,8.7333,49.82,81,100,11.01,DE,2023-10-31 02:29:46
132,concepcion del oro,24.6333,-101.4167,58.82,61,16,2.95,MX,2023-10-31 02:29:46
133,preobrazheniye,42.9019,133.9064,58.75,75,9,7.83,RU,2023-10-31 02:29:46
134,howrah,22.5892,88.3103,77.0,83,85,3.44,IN,2023-10-31 02:29:46
135,saudarkrokur,65.7461,-19.6394,28.69,82,68,9.51,IS,2023-10-31 02:29:46
136,bollene,44.2848,4.753,50.11,93,0,2.3,FR,2023-10-31 02:29:46
137,san antonio de pale,-1.4014,5.6325,79.41,84,100,14.43,GQ,2023-10-31 02:29:46
138,guayaramerin,-10.8368,-65.3614,76.39,68,33,2.89,BO,2023-10-31 02:29:46
139,minas de marcona,-15.2119,-75.1103,58.33,86,68,13.0,PE,2023-10-31 02:25:03
140,aasiaat,68.7098,-52.8699,13.78,89,29,9.19,GL,2023-10-31 02:29:47
141,saint-pierre,-21.3393,55.4781,74.88,57,0,9.22,RE,2023-10-31 02:26:46
142,santiago del torno,-17.9833,-63.3833,82.58,62,100,3.83,BO,2023-10-31 02:29:47
143,salta,-24.7859,-65.4117,66.79,78,75,8.05,AR,2023-10-31 02:29:47
144,utrik,11.2278,169.8474,82.8,79,100,17.76,MH,2023-10-31 02:24:40
145,baie-comeau,49.2168,-68.1489,31.68,100,100,3.44,CA,2023-10-31 02:29:47
146,ceelbuur,4.685,46.6176,76.32,88,12,6.13,SO,2023-10-31 02:29:47
147,moyynkum,44.2914,72.9469,52.79,75,100,18.92,KZ,2023-10-31 02:29:48
148,dalbandin,28.8947,64.4101,69.71,28,3,2.95,PK,2023-10-31 02:29:48
149,rabo de peixe,37.8,-25.5833,65.71,99,40,11.5,PT,2023-10-31 02:29:48
150,cabo san lucas,22.8909,-109.9124,80.76,80,40,8.05,MX,2023-10-31 02:29:32
151,midvagur,62.0511,-7.1939,36.43,80,40,6.91,FO,2023-10-31 02:29:48
152,yallahs,17.8748,-76.5624,85.73,81,100,2.28,JM,2023-10-31 02:29:48
153,aldinga beach,-35.2793,138.4604,68.76,46,25,11.16,AU,2023-10-31 02:29:48
154,coquimbo,-29.9533,-71.3436,56.93,82,0,2.3,CL,2023-10-31 02:29:48
155,chernyshevskiy,63.0128,112.4714,-10.32,95,24,2.26,RU,2023-10-31 02:29:48
156,labrador city,52.9463,-66.9114,22.91,68,75,4.61,CA,2023-10-31 02:29:48
157,port douglas,-16.4833,145.4667,78.28,54,97,10.78,AU,2023-10-31 02:29:48
158,tura,25.5198,90.2201,73.65,78,68,1.79,IN,2023-10-31 02:29:49
159,richards bay,-28.783,32.0377,58.66,87,97,4.05,ZA,2023-10-31 02:29:49
160,nova sintra,14.8667,-24.7167,74.59,67,72,3.4,CV,2023-10-31 02:25:38
161,san cristobal,7.7669,-72.225,73.58,95,7,1.7,VE,2023-10-31 02:29:49
162,kailua-kona,19.6406,-155.9956,84.97,78,20,13.8,US,2023-10-31 02:26:52
163,solleftea,63.1667,17.2667,21.06,77,100,3.76,SE,2023-10-31 02:29:49
164,jiuquan,39.7432,98.5174,56.48,19,89,3.02,CN,2023-10-31 02:29:49
165,tarko-sale,64.9225,77.785,7.23,95,14,5.14,RU,2023-10-31 02:29:49
166,pitimbu,-7.4706,-34.8086,75.79,77,86,10.76,BR,2023-10-31 02:29:49
167,yangambi,0.8102,24.4336,70.39,96,100,2.57,CD,2023-10-31 02:29:49
168,wanning,18.8003,110.3967,79.48,79,90,13.33,CN,2023-10-31 02:25:41
169,komsomolets,53.7453,62.0708,28.45,95,55,5.66,KZ,2023-10-31 02:29:49
170,atafu village,-8.5421,-172.5159,84.33,73,32,14.58,TK,2023-10-31 02:29:50
171,chu,43.5983,73.7614,54.19,76,100,17.31,KZ,2023-10-31 02:29:50
172,dunedin,-45.8742,170.5036,61.81,72,100,8.99,NZ,2023-10-31 02:29:50
173,kati,12.7441,-8.0726,74.61,46,15,3.51,ML,2023-10-31 02:29:50
174,bich'vinta,43.1592,40.3378,53.78,53,0,7.16,GE,2023-10-31 02:29:50
175,hermanus,-34.4187,19.2345,56.5,80,3,17.87,ZA,2023-10-31 02:24:55
176,januaria,-15.4833,-44.3667,83.88,38,100,2.44,BR,2023-10-31 02:29:50
177,pervomayskoye,43.919,46.7102,57.34,85,0,13.96,RU,2023-10-31 02:27:19
178,calabozo,8.9242,-67.4293,83.07,64,98,5.61,VE,2023-10-31 02:29:50
179,boguchany,58.3814,97.4531,11.86,87,6,4.0,RU,2023-10-31 02:29:50
180,port lincoln,-34.7333,135.8667,60.4,46,33,10.96,AU,2023-10-31 02:27:21
181,ust-nera,64.5667,143.2,9.72,99,100,4.9,RU,2023-10-31 02:29:51
182,la'ie,21.6477,-157.9253,84.16,71,24,5.01,US,2023-10-31 02:27:37
183,kingston,17.997,-76.7936,85.15,84,75,4.61,JM,2023-10-31 02:28:21
184,georgetown,5.4112,100.3354,87.73,82,20,3.44,MY,2023-10-31 02:29:51
185,chibougamau,49.9168,-74.3659,20.82,86,40,5.75,CA,2023-10-31 02:29:51
186,alaghsas,17.0187,8.0168,78.58,14,100,11.52,NE,2023-10-31 02:29:51
187,kirakira,-10.4544,161.9205,84.87,75,39,10.8,SB,2023-10-31 02:25:47
188,dalhousie,32.5333,75.9833,49.53,43,0,6.62,IN,2023-10-31 02:29:51
189,nova xavantina,-14.6667,-52.35,88.34,36,93,3.65,BR,2023-10-31 02:29:51
190,chita,52.0333,113.55,22.89,73,20,6.71,RU,2023-10-31 02:29:51
191,malango,-2.9627,119.9001,84.99,46,30,4.72,ID,2023-10-31 02:29:51
192,shache,38.4167,77.2406,52.72,32,100,6.8,CN,2023-10-31 02:29:52
193,semnan,35.5729,53.3971,60.01,52,98,6.44,IR,2023-10-31 02:29:52
194,kruisfontein,-34.0033,24.7314,50.54,91,0,5.57,ZA,2023-10-31 02:29:52
195,glarus,47.0406,9.068,51.44,38,100,4.14,CH,2023-10-31 02:29:52
196,stanley,54.868,-1.6985,44.76,95,100,2.3,GB,2023-10-31 02:24:46
197,acapulco de juarez,16.8634,-99.8901,80.37,85,20,3.47,MX,2023-10-31 02:29:52
198,antsiranana,-12.2787,49.2917,75.18,84,64,14.54,MG,2023-10-31 02:29:52
199,la ronge,55.1001,-105.2842,12.45,79,0,3.44,CA,2023-10-31 02:29:52
200,antofagasta,-23.65,-70.4,61.88,70,36,5.66,CL,2023-10-31 02:29:52
201,maceio,-9.6658,-35.7353,72.84,94,0,3.44,BR,2023-10-31 02:29:52
202,hilo,19.7297,-155.09,80.33,86,100,6.91,US,2023-10-31 02:24:55
203,mazagao,-0.115,-51.2894,82.45,79,2,5.59,BR,2023-10-31 02:29:53
204,hawaiian paradise park,19.5933,-154.9731,80.11,87,100,6.91,US,2023-10-31 02:29:53
205,sitka,57.0531,-135.33,48.09,81,100,5.75,US,2023-10-31 02:28:30
206,obihiro,42.9172,143.2044,52.21,87,40,3.44,JP,2023-10-31 02:29:53
207,ardesen,41.1911,40.9875,67.84,62,26,3.2,TR,2023-10-31 02:29:53
208,anadyr,64.75,177.4833,34.3,93,40,4.47,RU,2023-10-31 02:29:53
209,nenjiang,49.1833,125.2167,29.34,87,100,6.87,CN,2023-10-31 02:29:53
210,markaz-e hukumat-e darweshan,31.1323,64.1934,65.46,31,6,4.32,AF,2023-10-31 02:29:53
211,recani,31.2846,-4.2688,72.05,31,100,9.73,MA,2023-10-31 02:29:53
212,knyaze-volkonskoye,48.4642,135.4567,41.34,43,98,5.99,RU,2023-10-31 02:29:53
213,iskateley,67.6803,53.1512,20.01,95,90,10.0,RU,2023-10-31 02:29:53
214,kapuskasing,49.4169,-82.4331,21.29,93,0,6.91,CA,2023-10-31 02:29:54
215,lompoc,34.6391,-120.4579,63.93,84,0,10.0,US,2023-10-31 02:29:54
216,kirensk,57.7853,108.1119,18.97,62,100,3.0,RU,2023-10-31 02:29:54
217,newman,37.3138,-121.0208,64.29,36,4,3.49,US,2023-10-31 02:27:22
218,libenge,3.65,18.6333,75.36,88,100,2.68,CD,2023-10-31 02:29:54
219,gordonvale,-17.0936,145.7842,92.91,59,52,7.87,AU,2023-10-31 02:29:54
220,port alfred,-33.5906,26.891,57.74,79,25,14.94,ZA,2023-10-31 02:24:59
221,narvik,68.4384,17.4272,28.81,94,66,4.38,NO,2023-10-31 02:29:54
222,rangia,26.4667,91.6333,76.95,78,60,7.2,IN,2023-10-31 02:29:55
223,contamana,-7.3333,-75.0167,79.9,63,100,2.89,PE,2023-10-31 02:29:55
224,santa ana de yacuma,-13.75,-65.4333,82.67,57,45,8.01,BO,2023-10-31 02:29:55
225,crookston,47.7741,-96.6081,26.71,93,100,29.93,US,2023-10-31 02:29:55
226,sunnyside,46.3237,-120.0087,41.85,75,0,3.44,US,2023-10-31 02:29:55
227,sechura,-5.5569,-80.8222,69.55,79,14,16.08,PE,2023-10-31 02:29:55
228,nemuro,43.3236,145.575,53.1,71,13,11.9,JP,2023-10-31 02:29:55
229,namibe,-15.1961,12.1522,63.95,78,0,4.81,AO,2023-10-31 02:29:55
230,havran,39.5583,27.0983,56.82,94,0,1.14,TR,2023-10-31 02:29:55
231,magadan,59.5667,150.8,25.54,74,69,7.74,RU,2023-10-31 02:25:19
232,uturoa,-16.7333,-151.4333,79.7,79,8,17.9,PF,2023-10-31 02:29:56
233,taoudenni,22.6783,-3.9836,85.55,11,5,8.5,ML,2023-10-31 02:24:45
234,decazeville,44.5605,2.2509,53.11,97,89,2.35,FR,2023-10-31 02:29:56
235,ciudad lazaro cardenas,17.9583,-102.2,79.99,86,13,3.94,MX,2023-10-31 02:25:40
236,beshkent,38.8214,65.6531,59.18,58,0,11.5,UZ,2023-10-31 02:29:56
237,ulan bator,47.9077,106.8832,24.93,80,75,6.71,MN,2023-10-31 02:26:43
238,kodiak,57.79,-152.4072,45.91,93,100,8.05,US,2023-10-31 02:29:56
239,kismayo,-0.3582,42.5454,79.59,81,19,7.27,SO,2023-10-31 02:26:44
240,aras-asan,8.8908,126.3033,84.49,69,100,5.21,PH,2023-10-31 02:29:56
241,san carlos de bariloche,-41.1456,-71.3082,35.35,87,75,4.61,AR,2023-10-31 02:29:56
242,rincon,32.296,-81.2354,69.85,88,20,4.61,US,2023-10-31 02:29:56
243,hadibu,12.65,54.0333,79.05,76,97,10.33,YE,2023-10-31 02:24:51
244,puerto deseado,-47.7503,-65.8938,39.67,59,21,13.76,AR,2023-10-31 02:29:57
245,vorkuta,67.5,64.0,13.86,95,100,8.93,RU,2023-10-31 02:29:57
246,san martin,-33.081,-68.4681,57.74,22,2,14.88,AR,2023-10-31 02:29:57
247,manuguru,17.981,80.7547,71.22,80,5,1.63,IN,2023-10-31 02:29:57
248,saint-philippe,-21.3585,55.7679,74.79,81,16,8.84,RE,2023-10-31 02:29:57
249,arraial do cabo,-22.9661,-42.0278,75.78,91,100,3.47,BR,2023-10-31 02:29:57
250,lensk,60.7253,114.9278,15.51,81,100,7.23,RU,2023-10-31 02:29:57
251,caleta de carquin,-11.0925,-77.6267,67.32,87,99,8.72,PE,2023-10-31 02:24:47
252,ginir,7.1333,40.7,55.83,84,8,3.65,ET,2023-10-31 02:29:57
253,tazovsky,67.4667,78.7,1.11,97,34,5.08,RU,2023-10-31 02:25:08
254,blythe,33.6103,-114.5964,66.65,10,0,8.05,US,2023-10-31 02:29:58
255,kerrville,30.0474,-99.1403,44.55,63,100,11.5,US,2023-10-31 02:29:58
256,tulun,54.5611,100.5792,17.96,78,100,2.15,RU,2023-10-31 02:29:58
257,mingshui,36.7167,117.5,79.56,36,81,10.29,CN,2023-10-31 02:29:58
258,atherton,53.5237,-2.4935,48.34,93,100,9.37,GB,2023-10-31 02:24:35
259,viedma,-40.8135,-62.9967,42.64,74,1,7.76,AR,2023-10-31 02:29:58
260,novaya igirma,57.1334,103.9112,16.65,70,49,5.28,RU,2023-10-31 02:29:58
261,eureka,40.8021,-124.1637,51.93,82,95,1.97,US,2023-10-31 02:29:58
262,luwuk,-0.9516,122.7875,87.96,58,86,4.05,ID,2023-10-31 02:29:58
263,afaahiti,-17.75,-149.2833,80.47,82,41,18.37,PF,2023-10-31 02:29:58
264,yiwu,29.3151,120.0768,72.81,61,0,1.97,CN,2023-10-31 02:28:07
265,conde,-7.2597,-34.9075,74.66,88,20,5.75,BR,2023-10-31 02:25:44
266,walvis bay,-22.9575,14.5053,56.35,100,0,0.0,NA,2023-10-31 02:29:59
267,east london,-33.0153,27.9116,55.72,86,25,9.1,ZA,2023-10-31 02:29:59
268,basco,20.4487,121.9702,80.64,73,67,20.89,PH,2023-10-31 02:25:24
269,vorgashor,67.5833,63.95,13.3,95,100,8.99,RU,2023-10-31 02:29:59
270,shagonar,51.5333,92.8,30.34,89,100,1.48,RU,2023-10-31 02:29:59
271,quiberon,47.4841,-3.1196,58.06,86,15,13.0,FR,2023-10-31 02:29:59
272,murray bridge,-35.1167,139.2667,63.12,37,24,12.53,AU,2023-10-31 02:29:59
273,melfi,40.9965,15.6514,63.99,48,100,9.84,IT,2023-10-31 02:29:59
274,tarawa,1.419,172.984,87.89,70,40,5.75,KI,2023-10-31 02:30:00
275,zapala,-38.8992,-70.0544,42.26,50,8,6.55,AR,2023-10-31 02:30:00
276,khandyga,62.6667,135.6,15.37,93,100,4.9,RU,2023-10-31 02:27:33
277,geraldton,-28.7667,114.6,86.41,17,0,18.41,AU,2023-10-31 02:29:11
278,prince rupert,54.3161,-130.3201,44.29,81,0,5.75,CA,2023-10-31 02:30:00
279,zakynthos,37.7914,20.8953,65.64,75,0,3.89,GR,2023-10-31 02:30:00
280,yuza,39.0,139.9167,66.25,61,53,3.58,JP,2023-10-31 02:30:00
281,diamantino,-14.4086,-56.4461,72.9,91,77,3.58,BR,2023-10-31 02:30:00
282,tofol,5.3248,163.0078,80.38,94,100,11.5,FM,2023-10-31 02:30:01
283,nuuk,64.1835,-51.7216,50.61,29,75,18.41,GL,2023-10-31 02:26:42
284,bom jesus,-9.0744,-44.3586,76.66,34,40,1.9,BR,2023-10-31 02:30:01
285,khovd,48.0056,91.6419,46.11,47,75,5.97,MN,2023-10-31 02:30:01
286,kendari,-3.945,122.4989,90.75,49,51,7.56,ID,2023-10-31 02:30:01
287,roma,43.2128,-75.4557,41.95,92,100,8.05,US,2023-10-31 02:26:51
288,seydi,39.4816,62.9137,57.4,59,95,17.49,TM,2023-10-31 02:25:07
289,port mathurin,-19.6833,63.4167,75.9,82,30,18.99,MU,2023-10-31 02:24:59
290,pionerskiy,54.9508,20.2275,52.14,85,100,14.99,RU,2023-10-31 02:30:02
291,san fernando,15.0286,120.6898,86.72,61,99,10.16,PH,2023-10-31 02:30:02
292,isafjordur,66.0755,-23.124,34.79,73,45,4.09,IS,2023-10-31 02:24:46
293,senillosa,-39.0,-68.4167,55.18,29,100,10.04,AR,2023-10-31 02:30:05
294,yemetsk,63.4721,41.7941,19.51,95,22,3.51,RU,2023-10-31 02:30:06
295,sungailiat,-1.85,106.1333,83.95,72,60,9.66,ID,2023-10-31 02:24:52
296,ratnagiri,16.9833,73.3,80.98,60,10,5.55,IN,2023-10-31 02:30:07
297,sar-e pul,35.8333,66.1667,56.05,42,71,2.04,AF,2023-10-31 02:30:07
298,sinabang,2.4803,96.3801,79.75,81,99,3.67,ID,2023-10-31 02:24:41
299,gizo,-8.103,156.8419,83.64,72,100,3.76,SB,2023-10-31 02:25:37
300,qa'en,33.7265,59.1844,54.75,54,100,6.76,IR,2023-10-31 02:30:08
301,happy valley-goose bay,53.3168,-60.3315,26.91,59,20,11.5,CA,2023-10-31 02:30:08
302,acajutla,13.5928,-89.8275,78.64,84,100,11.7,SV,2023-10-31 02:30:08
303,dawson creek,55.7666,-120.2362,42.44,39,0,10.36,CA,2023-10-31 02:25:55
304,kill devil hills,36.0307,-75.676,70.99,80,0,9.22,US,2023-10-31 02:30:09
305,codrington,-38.2667,141.9667,56.53,51,75,16.42,AU,2023-10-31 02:27:01
306,hadyach,50.3711,33.991,49.82,88,83,7.63,UA,2023-10-31 02:30:10
307,new norfolk,-42.7826,147.0587,58.71,44,92,12.15,AU,2023-10-31 02:30:10
308,batie,9.8833,-2.9167,77.74,59,7,3.58,BF,2023-10-31 02:30:10
309,irtyshsk,53.3333,75.4572,33.12,100,100,2.35,KZ,2023-10-31 02:30:10
310,saldanha,-33.0117,17.9442,60.85,67,1,11.43,ZA,2023-10-31 02:24:50
311,haapavesi,64.1333,25.3667,18.52,91,91,1.01,FI,2023-10-31 02:28:06
312,sao joao da barra,-21.6403,-41.0511,74.75,94,100,8.28,BR,2023-10-31 02:30:11
313,san jeronimo de juarez,17.1333,-100.4667,79.72,89,41,3.24,MX,2023-10-31 02:30:11
314,saynshand,44.8824,110.1163,39.85,44,51,5.61,MN,2023-10-31 02:30:12
315,andergrove,-21.0833,149.1833,90.64,54,6,9.37,AU,2023-10-31 02:30:12
316,badarpur,24.9,92.6,79.48,65,75,2.46,IN,2023-10-31 02:30:12
317,kiunga,-6.1219,141.2906,89.51,56,94,4.74,PG,2023-10-31 02:30:12
318,funafuti,-8.5243,179.1942,89.6,84,40,0.0,TV,2023-10-31 02:26:45
319,baruun-urt,46.6806,113.2792,27.75,61,91,5.73,MN,2023-10-31 02:30:13
320,tonghae,37.5439,129.1069,68.36,46,0,3.18,KR,2023-10-31 02:30:13
321,mega,4.05,38.3,57.45,91,57,6.69,ET,2023-10-31 02:30:13
322,qaqortoq,60.7167,-46.0333,42.58,57,99,28.57,GL,2023-10-31 02:24:42
323,martapura,-3.4167,114.85,89.69,62,0,4.61,ID,2023-10-31 02:30:14
324,kisangani,0.5167,25.2,70.21,98,100,1.39,CD,2023-10-31 02:30:14
325,mascoutah,38.4903,-89.7932,36.14,79,0,6.91,US,2023-10-31 02:30:14
326,tralee,52.2704,-9.7026,50.09,88,88,4.23,IE,2023-10-31 02:25:08
327,tambopata,-12.7333,-69.1833,79.72,71,73,2.51,PE,2023-10-31 02:30:15
328,mojkovac,42.9604,19.5833,48.92,65,56,5.46,ME,2023-10-31 02:30:15
329,ouahigouya,13.5828,-2.4216,83.19,17,22,8.03,BF,2023-10-31 02:30:15
330,jamestown,42.097,-79.2353,40.59,81,100,8.05,US,2023-10-31 02:23:40
331,susuman,62.7833,148.1667,7.99,94,82,1.01,RU,2023-10-31 02:30:15
332,beau vallon,-20.4189,57.6953,77.22,88,40,2.3,MU,2023-10-31 02:30:15
333,lerwick,60.1545,-1.1494,44.6,57,28,19.62,GB,2023-10-31 02:30:16
334,bengkulu,-3.8004,102.2655,80.64,76,46,2.73,ID,2023-10-31 02:27:20
335,akureyri,65.6835,-18.0878,17.53,93,35,0.0,IS,2023-10-31 02:30:16
336,angaur state,6.906,134.13,83.35,73,22,4.81,PW,2023-10-31 02:30:17
337,sarupathar,26.1984,93.8094,76.28,74,100,2.62,IN,2023-10-31 02:30:17
338,wellington,-41.2866,174.7756,67.66,68,53,10.36,NZ,2023-10-31 02:28:23
339,babolsar,36.7025,52.6576,66.43,72,99,8.21,IR,2023-10-31 02:30:17
340,akjoujt,19.6969,-14.4164,81.97,17,5,7.31,MR,2023-10-31 02:30:18
341,kuqa,41.7278,82.9364,58.46,36,100,4.7,CN,2023-10-31 02:30:18
342,swakopmund,-22.6833,14.5333,56.25,89,0,4.23,NA,2023-10-31 02:25:35
343,vuktyl,63.8567,57.3094,19.11,92,93,8.01,RU,2023-10-31 02:30:18
344,greymouth,-42.4667,171.2,59.95,61,52,9.35,NZ,2023-10-31 02:25:05
345,nuku'alofa,-21.1333,-175.2,82.74,78,75,13.8,TO,2023-10-31 02:27:38
346,badger,64.8,-147.5333,33.67,84,75,0.0,US,2023-10-31 02:30:19
347,ramnicu sarat,45.3833,27.05,55.87,63,26,6.6,RO,2023-10-31 02:30:19
348,vilyuchinsk,52.9306,158.4028,44.87,59,12,9.57,RU,2023-10-31 02:25:39
349,praia da vitoria,38.7333,-27.0667,66.76,77,40,15.97,PT,2023-10-31 02:30:19
350,belmonte,-15.8631,-38.8828,74.5,75,92,7.31,BR,2023-10-31 02:30:20
351,sayat,38.7839,63.8803,57.07,49,97,18.57,TM,2023-10-31 02:30:20
352,mezhdurechenskiy,59.6,65.9333,17.42,90,100,4.92,RU,2023-10-31 02:24:50
353,san giovanni rotondo,41.7049,15.7191,62.22,77,20,8.05,IT,2023-10-31 02:30:20
354,karratha,-20.7377,116.8463,93.36,23,31,11.14,AU,2023-10-31 02:30:21
355,junction city,39.0286,-96.8314,35.46,63,0,4.61,US,2023-10-31 02:30:21
356,miandrivazo,-19.5167,45.4667,77.7,62,52,1.9,MG,2023-10-31 02:30:21
357,sarykemer,43.0,71.5,47.68,88,100,7.43,KZ,2023-10-31 02:30:21
358,ilebo,-4.3167,20.5833,69.85,99,100,2.17,CD,2023-10-31 02:30:22
359,usinsk,65.9939,57.5281,16.07,81,95,7.0,RU,2023-10-31 02:30:22
360,ain sefra,32.75,-0.5833,60.17,61,94,1.86,DZ,2023-10-31 02:30:22
361,kavaratti,10.5669,72.642,80.26,79,100,9.57,IN,2023-10-31 02:26:43
362,inhambane,-23.865,35.3833,68.0,70,100,10.51,MZ,2023-10-31 02:30:23
363,lorengau,-2.0226,147.2712,83.41,73,72,8.88,PG,2023-10-31 02:25:20
364,dryden,49.7833,-92.7503,25.09,93,40,3.44,CA,2023-10-31 02:30:23
365,tabou,4.423,-7.3528,77.14,90,76,1.7,CI,2023-10-31 02:30:23
366,belle chasse,29.8549,-89.9906,60.78,70,79,5.01,US,2023-10-31 02:30:23
367,kerikeri,-35.2268,173.9474,67.12,85,88,9.69,NZ,2023-10-31 02:30:24
368,bacchus marsh,-37.6727,144.4383,62.01,46,37,5.01,AU,2023-10-31 02:30:24
369,nadym,65.5333,72.5167,8.46,92,89,7.94,RU,2023-10-31 02:30:24
370,vila franca do campo,37.7167,-25.4333,66.61,99,67,10.36,PT,2023-10-31 02:30:24
371,richard-toll,16.4625,-15.7008,79.05,68,30,7.72,SN,2023-10-31 02:30:25
372,margate,51.3813,1.3862,46.69,96,7,1.99,GB,2023-10-31 02:30:25
373,el granada,37.5027,-122.4694,65.98,40,0,10.36,US,2023-10-31 02:30:25
374,puerto baquerizo moreno,-0.9,-89.6,73.87,81,100,9.13,EC,2023-10-31 02:30:26
375,bathsheba,13.2167,-59.5167,83.01,83,20,11.5,BB,2023-10-31 02:30:26
376,vilyuysk,63.7553,121.6247,7.0,94,51,1.99,RU,2023-10-31 02:30:26
377,mitchell,43.7094,-98.0298,30.18,55,0,26.46,US,2023-10-31 02:30:26
378,novodvinsk,64.4165,40.8122,16.79,97,69,4.36,RU,2023-10-31 02:30:27
379,kandiari,26.9156,68.5216,84.49,25,0,1.19,PK,2023-10-31 02:30:27
380,balabac,7.9868,117.0645,85.6,71,96,14.32,PH,2023-10-31 02:25:48
381,ancud,-41.8697,-73.8203,41.38,89,11,6.67,CL,2023-10-31 02:25:22
382,shiguai,40.7058,110.2856,56.8,29,7,8.55,CN,2023-10-31 02:30:27
383,nagqu,31.5,92.0,25.41,64,47,5.93,CN,2023-10-31 02:30:28
384,oranjemund,-28.55,16.4333,61.07,54,0,5.1,NA,2023-10-31 02:30:28
385,santa ana,33.7456,-117.8678,75.15,16,0,1.99,US,2023-10-31 02:30:05
386,bere,9.3202,16.1552,77.74,65,92,2.33,TD,2023-10-31 02:30:28
387,richfield,44.8833,-93.283,36.88,78,100,16.11,US,2023-10-31 02:30:28
388,carnarvon,-24.8667,113.6333,79.72,46,0,9.48,AU,2023-10-31 02:30:29
389,menongue,-14.6585,17.691,61.83,90,38,4.29,AO,2023-10-31 02:30:29
390,fort mcmurray,56.7268,-111.381,26.19,68,100,4.61,CA,2023-10-31 02:30:29
391,helena valley southeast,46.6153,-111.9216,30.13,84,0,3.44,US,2023-10-31 02:30:29
392,berck-plage,50.407,1.5645,51.19,84,59,12.15,FR,2023-10-31 02:30:30
393,cascais,38.6979,-9.4215,61.5,86,100,11.99,PT,2023-10-31 02:30:30
394,phai sali,15.5976,100.6585,78.24,87,97,5.26,TH,2023-10-31 02:30:30
395,hasaki,35.7333,140.8333,68.4,53,23,5.7,JP,2023-10-31 02:30:31
396,sao mateus do sul,-25.8742,-50.3828,64.24,99,100,3.2,BR,2023-10-31 02:30:31
397,revda,56.801,59.9303,19.42,98,93,2.62,RU,2023-10-31 02:25:47
398,nhamunda,-2.1861,-56.7131,79.3,64,100,2.66,BR,2023-10-31 02:30:32
399,freetown,8.484,-13.2299,78.53,85,27,5.28,SL,2023-10-31 02:25:12
400,gebeit,21.0667,36.3167,71.98,80,0,5.23,SD,2023-10-31 02:30:32
401,pedra azul,-16.0053,-41.2972,72.19,51,100,3.04,BR,2023-10-31 02:30:32
402,carutapera,-1.195,-46.02,78.89,82,55,6.67,BR,2023-10-31 02:30:32
403,tual,-5.6667,132.75,81.63,80,42,7.67,ID,2023-10-31 02:30:33
404,rovnoye,50.7765,46.0509,49.19,78,100,17.74,RU,2023-10-31 02:30:33
405,kiel,54.3213,10.1349,51.26,98,100,7.58,DE,2023-10-31 02:27:17
406,sao felix do xingu,-6.6447,-51.995,76.3,55,28,0.72,BR,2023-10-31 02:30:33
407,isangel,-19.55,169.2667,80.71,57,40,6.91,VU,2023-10-31 02:30:34
408,susanville,40.4163,-120.653,37.24,38,0,5.75,US,2023-10-31 02:30:34
409,rehoboth,-23.3167,17.0833,61.5,25,0,5.12,NA,2023-10-31 02:27:35
410,oulainen,64.2667,24.8,18.81,98,92,2.26,FI,2023-10-31 02:30:34
411,porto murtinho,-21.6989,-57.8825,76.41,86,99,3.71,BR,2023-10-31 02:30:35
412,hami,42.8,93.45,56.05,36,99,4.83,CN,2023-10-31 02:30:35
413,caraballeda,10.6112,-66.8522,82.47,85,40,2.3,VE,2023-10-31 02:30:35
414,shentala,54.45,51.4833,33.62,100,100,9.78,RU,2023-10-31 02:30:35
415,beboto,8.2668,16.939,73.9,77,60,0.92,TD,2023-10-31 02:30:36
416,harper,4.375,-7.7169,77.11,91,98,3.2,LR,2023-10-31 02:30:36
417,colonia,50.9333,6.95,52.86,85,75,14.97,DE,2023-10-31 02:29:44
418,gobabis,-22.45,18.9667,60.24,22,0,5.95,NA,2023-10-31 02:30:37
419,mafinga,-7.25,35.0667,72.07,66,100,4.43,TZ,2023-10-31 02:30:38
420,maralal,1.0968,36.698,57.27,94,73,5.55,KE,2023-10-31 02:30:38
421,kandukur,15.2167,79.9167,82.62,68,65,9.08,IN,2023-10-31 02:30:38
422,darnah,32.767,22.6367,70.99,80,2,9.64,LY,2023-10-31 02:30:39
423,saipan,15.1355,145.701,90.3,70,40,16.11,MP,2023-10-31 02:24:46
424,alaminos,14.0639,121.2465,85.41,73,100,8.08,PH,2023-10-31 02:30:39
425,milton keynes,52.0417,-0.7558,43.36,92,31,2.98,GB,2023-10-31 02:28:07
426,turpan,42.9333,89.1667,65.41,27,80,1.01,CN,2023-10-31 02:30:40
427,zhirnov,48.1709,41.1261,49.17,79,87,6.73,RU,2023-10-31 02:30:40
428,lycksele,64.5954,18.6735,17.47,93,75,5.75,SE,2023-10-31 02:25:39
429,lakatoro,-16.0999,167.4164,79.38,80,59,14.94,VU,2023-10-31 02:27:37
430,warrnambool,-38.3833,142.4833,56.48,54,67,16.4,AU,2023-10-31 02:30:41
431,ruskin,27.7209,-82.4332,76.17,82,0,8.05,US,2023-10-31 02:30:41
432,mahajanga,-15.7167,46.3167,78.82,94,20,6.91,MG,2023-10-31 02:30:41
433,flin flon,54.7682,-101.865,13.82,87,12,3.27,CA,2023-10-31 02:30:41
434,castillos,-34.1667,-53.8333,55.36,90,100,15.52,UY,2023-10-31 02:27:00
435,urcos,-13.6861,-71.6228,60.69,78,68,5.48,PE,2023-10-31 02:30:42
436,longavi,-35.9667,-71.6833,41.61,83,41,6.76,CL,2023-10-31 02:30:42
437,fort bragg,35.139,-79.006,73.13,70,0,10.36,US,2023-10-31 02:24:55
438,pontian kechil,1.4866,103.3896,88.41,76,97,5.17,MY,2023-10-31 02:30:42
439,waingapu,-9.6567,120.2641,88.74,57,3,11.5,ID,2023-10-31 02:30:43
440,boende,-0.2167,20.8667,72.09,97,92,3.51,CD,2023-10-31 02:24:53
441,sola,-13.8833,167.55,79.97,80,29,15.59,VU,2023-10-31 02:27:43
442,waghai,20.7667,73.4833,79.95,40,6,3.89,IN,2023-10-31 02:30:44
443,taroa,8.7058,171.2275,82.63,80,87,17.54,MH,2023-10-31 02:25:39
444,alvand,36.3187,49.1678,43.16,86,100,3.74,IR,2023-10-31 02:30:44
445,norton,-17.8833,30.7,59.9,83,100,8.48,ZW,2023-10-31 02:30:44
446,qarauyl,48.9451,79.255,42.76,89,100,10.69,KZ,2023-10-31 02:30:44
447,namtsy,62.7161,129.6658,12.47,85,96,7.05,RU,2023-10-31 02:30:45
448,awjilah,29.1081,21.2869,68.16,54,6,6.96,LY,2023-10-31 02:30:45
449,rapid valley,44.0625,-103.1463,27.63,71,100,20.0,US,2023-10-31 02:30:29
450,pankrushikha,53.8319,80.3406,27.57,96,100,7.34,RU,2023-10-31 02:25:45
451,laojunmiao,39.8333,97.7333,55.08,19,53,1.28,CN,2023-10-31 02:30:46
452,myeik,12.4333,98.6,83.05,73,87,9.57,MM,2023-10-31 02:30:46
453,ponta delgada,37.7333,-25.6667,66.92,77,40,11.5,PT,2023-10-31 02:30:46
454,bamiantong,44.9333,130.5333,55.0,59,99,12.77,CN,2023-10-31 02:30:46
455,igarka,67.4667,86.5833,1.22,96,99,3.74,RU,2023-10-31 02:30:47
456,mandiana,10.6333,-8.6833,76.46,60,32,1.48,GN,2023-10-31 02:30:47
457,kanker,20.2719,81.4931,73.72,63,0,4.12,IN,2023-10-31 02:30:47
458,holualoa,19.6228,-155.9522,81.25,79,20,13.8,US,2023-10-31 02:25:29
459,grand falls-windsor,48.9332,-55.6649,33.51,87,98,2.33,CA,2023-10-31 02:30:47
460,orivesi,61.6777,24.3572,31.78,85,100,1.01,FI,2023-10-31 02:30:47
461,okha,53.5739,142.9478,38.26,71,41,19.93,RU,2023-10-31 02:27:17
462,turbat,26.0023,63.044,76.98,66,3,1.14,PK,2023-10-31 02:27:42
463,rikaze,29.25,88.8833,42.93,45,2,2.91,CN,2023-10-31 02:30:47
464,wulingyuan,29.3494,110.5441,73.54,56,70,3.47,CN,2023-10-31 02:30:48
465,tikrit,34.6071,43.6782,74.89,31,100,1.21,IQ,2023-10-31 02:30:48
466,singkil,-7.9855,111.4161,93.65,41,16,5.66,ID,2023-10-31 02:30:48
467,ola,59.5833,151.2833,26.15,65,22,5.55,RU,2023-10-31 02:30:48
468,amahai,-3.3333,128.9167,86.32,64,61,7.0,ID,2023-10-31 02:30:48
469,palmares do sul,-30.2578,-50.5097,67.64,92,100,6.69,BR,2023-10-31 02:30:48
470,amga,60.8953,131.9608,15.62,83,100,5.95,RU,2023-10-31 02:30:48
471,pasuquin,18.3328,120.6177,89.55,51,75,8.05,PH,2023-10-31 02:30:48
472,luderitz,-26.6481,15.1594,61.3,47,2,5.73,NA,2023-10-31 02:30:49
473,mount isa,-20.7333,139.5,98.37,26,8,12.66,AU,2023-10-31 02:25:06
474,conduaga,8.862,117.4893,86.95,64,70,0.78,PH,2023-10-31 02:25:44
475,pontianak,-0.0333,109.3333,78.78,94,75,2.3,ID,2023-10-31 02:30:49
476,gospic,44.5461,15.3747,62.29,86,97,18.86,HR,2023-10-31 02:30:49
477,fuyang,32.9,115.8167,81.27,33,0,13.0,CN,2023-10-31 02:30:49
478,mayqayyng,51.4625,75.7986,44.37,76,100,13.24,KZ,2023-10-31 02:30:49
479,ormond-by-the-sea,29.3491,-81.0665,75.02,91,0,5.75,US,2023-10-31 02:30:49
480,nacala,-14.5428,40.6728,77.38,83,100,7.05,MZ,2023-10-31 02:27:24
481,torata,-17.0769,-70.8433,58.93,53,8,0.85,PE,2023-10-31 02:30:49
482,lhokseumawe,5.1801,97.1507,84.43,69,94,1.95,ID,2023-10-31 02:30:49
483,manturovo,58.3353,44.7619,26.78,94,100,4.03,RU,2023-10-31 02:30:50
484,salekhard,66.53,66.6019,12.99,94,100,5.57,RU,2023-10-31 02:30:50
485,rio blanco,18.8333,-97.15,63.46,96,98,4.27,MX,2023-10-31 02:30:50
486,manghit,42.1156,60.0597,42.78,80,0,7.74,UZ,2023-10-31 02:30:50
487,lincoln city,44.9582,-124.0179,53.8,66,4,10.0,US,2023-10-31 02:29:51
488,north platte,41.1239,-100.7654,34.38,66,0,8.99,US,2023-10-31 02:30:50
489,somerset east,-32.7217,25.588,46.18,76,0,3.65,ZA,2023-10-31 02:30:50
490,arkalyk,50.2486,66.9114,34.16,96,100,15.79,KZ,2023-10-31 02:30:50
491,leh,34.1667,77.5833,37.26,31,0,0.56,IN,2023-10-31 02:30:50
492,mili,6.0815,171.735,83.32,76,77,11.52,MH,2023-10-31 02:30:51
493,kourou,5.1552,-52.6478,80.65,87,43,6.85,GF,2023-10-31 02:30:51
494,novocherkassk,47.4181,40.0939,56.23,100,0,0.0,RU,2023-10-31 02:30:51
495,nadi,-17.8,177.4167,93.2,52,20,10.36,FJ,2023-10-31 02:28:35
496,palmas,-10.2128,-48.3603,84.07,70,0,4.61,BR,2023-10-31 02:27:05
497,crane,31.3974,-102.3501,41.09,47,2,4.63,US,2023-10-31 02:26:22
498,selfoss,63.9331,-20.9971,33.04,79,36,8.43,IS,2023-10-31 02:24:48
499,ingeniero guillermo n. juarez,-23.9,-61.85,75.34,74,100,13.2,AR,2023-10-31 02:30:51
500,sierpc,52.8568,19.6691,54.95,87,100,14.43,PL,2023-10-31 02:30:51
501,aktau,43.65,51.2,50.58,70,0,9.37,KZ,2023-10-31 02:30:51
502,lata,40.1629,-8.3327,52.07,93,100,3.33,PT,2023-10-31 02:30:51
503,severo-yeniseyskiy,60.3725,93.0408,0.57,97,67,1.99,RU,2023-10-31 02:27:35
504,sainte-suzanne,-20.9061,55.6089,75.42,69,0,13.8,RE,2023-10-31 02:30:52
505,afua,-0.1567,-50.3867,76.39,86,11,4.27,BR,2023-10-31 02:30:52
506,weno,7.4515,151.8468,85.95,79,100,4.61,FM,2023-10-31 02:27:24
507,derbent,42.0678,48.2899,58.37,83,4,2.37,RU,2023-10-31 02:30:52
508,buka,40.8108,69.1986,57.9,68,100,11.72,UZ,2023-10-31 02:30:52
509,dembi dolo,8.5333,34.8,57.47,92,97,4.25,ET,2023-10-31 02:30:52
510,acarau,-2.8856,-40.12,78.71,74,75,13.78,BR,2023-10-31 02:24:54
511,sos'va,59.1766,61.8558,26.06,63,100,11.01,RU,2023-10-31 02:30:52
512,petropavlovsk-kamchatsky,53.0452,158.6483,43.39,62,0,13.42,RU,2023-10-31 02:25:09
513,dombarovskiy,50.7587,59.5386,33.01,82,99,18.99,RU,2023-10-31 02:30:53
514,kshenskiy,51.8408,37.7136,49.89,82,100,10.4,RU,2023-10-31 02:27:34
515,thunder bay,48.4001,-89.3168,26.58,63,100,5.75,CA,2023-10-31 02:30:44
516,hobyo,5.3505,48.5268,80.28,81,48,5.66,SO,2023-10-31 02:30:53
517,wilmslow,53.328,-2.2315,48.27,87,75,8.05,GB,2023-10-31 02:30:53
518,laurel,39.0993,-76.8483,54.86,77,75,7.0,US,2023-10-31 02:27:00
519,portland,45.5234,-122.6762,54.03,47,0,12.66,US,2023-10-31 02:20:40
520,barcelos,41.5388,-8.6151,55.54,90,100,3.62,PT,2023-10-31 02:29:03
521,sampang,-7.1872,113.2394,86.59,60,6,7.85,ID,2023-10-31 02:30:53
522,debre werk',10.6667,38.1667,51.53,86,65,1.1,ET,2023-10-31 02:30:53
523,pangody,65.85,74.4859,6.53,94,26,6.69,RU,2023-10-31 02:30:53
524,pudozh,61.8099,36.5345,20.95,98,50,1.99,RU,2023-10-31 02:30:54
525,oyem,1.5995,11.5793,68.43,99,100,2.84,GA,2023-10-31 02:30:54
526,cidreira,-30.1811,-50.2056,67.23,94,100,5.82,BR,2023-10-31 02:25:05
527,ulverstone,-41.15,146.1667,61.72,53,60,14.25,AU,2023-10-31 02:30:54
528,port hedland,-20.3167,118.5667,86.05,70,40,12.66,AU,2023-10-31 02:26:50
529,yinchuan,38.4681,106.2731,62.71,19,3,7.78,CN,2023-10-31 02:27:34
530,klyuchi,52.2667,79.1667,42.37,96,100,5.61,RU,2023-10-31 02:30:54
531,chulakkurgan,43.765,69.1814,49.82,82,100,15.84,KZ,2023-10-31 02:30:54
532,vila do maio,15.1333,-23.2167,77.79,74,44,7.16,CV,2023-10-31 02:30:54
533,caluula,11.9661,50.7569,80.06,73,93,11.7,SO,2023-10-31 02:30:54
534,ligny-en-barrois,48.6886,5.3254,50.54,97,68,12.44,FR,2023-10-31 02:30:55
535,betio village,1.358,172.9211,87.84,73,96,3.24,KI,2023-10-31 02:30:55
536,tchintabaraden,15.8969,5.7985,78.4,14,93,10.04,NE,2023-10-31 02:30:55
537,opuwo,-18.0607,13.84,66.51,13,0,4.52,NA,2023-10-31 02:30:55
538,teknaf,20.8624,92.3058,82.15,69,51,2.33,BD,2023-10-31 02:30:55
539,brady,31.1352,-99.3351,44.37,60,100,8.05,US,2023-10-31 02:29:38
540,vila velha,-20.3297,-40.2925,78.75,78,0,12.66,BR,2023-10-31 02:30:55
541,leava,-14.3,-178.1667,82.51,79,16,10.02,WF,2023-10-31 02:25:31
542,chawang,8.4261,99.5047,85.71,70,87,2.17,TH,2023-10-31 02:30:55
543,el calafate,-50.3408,-72.2768,39.58,62,28,0.72,AR,2023-10-31 02:30:55
544,tabas,33.5959,56.9244,66.42,27,97,2.3,IR,2023-10-31 02:30:56
545,mogadishu,2.0371,45.3438,80.83,75,52,5.01,SO,2023-10-31 02:30:56
546,shangzhi,45.2167,127.9667,38.61,88,100,6.26,CN,2023-10-31 02:30:56
547,manaure,11.7751,-72.4445,83.01,76,81,5.48,CO,2023-10-31 02:30:56
548,mount pearl,47.5166,-52.7813,33.96,94,100,6.91,CA,2023-10-31 02:27:08
549,collipulli,-37.95,-72.4333,39.42,87,96,3.94,CL,2023-10-31 02:30:56
550,mangrol,21.1167,70.1167,80.53,50,58,8.97,IN,2023-10-31 02:30:56
551,taupo,-38.6833,176.0833,58.66,91,100,4.79,NZ,2023-10-31 02:30:56
552,columbus,39.9612,-82.9988,39.72,91,100,6.91,US,2023-10-31 02:26:25
553,upata,8.0086,-62.3989,71.06,98,100,1.19,VE,2023-10-31 02:30:57
554,barra de santo antonio,-9.4047,-35.5072,72.68,77,89,6.85,BR,2023-10-31 02:30:57
555,guerrero negro,27.9769,-114.0611,71.37,45,0,10.67,MX,2023-10-31 02:20:38
556,hatta,24.1167,79.6,73.62,48,98,3.49,IN,2023-10-31 02:30:57
557,sumbawa besar,-8.5,117.4333,95.65,32,2,10.8,ID,2023-10-31 02:30:57
558,jaguaruna,-28.615,-49.0256,65.75,95,100,2.37,BR,2023-10-31 02:30:57
559,bechar,31.6167,-2.2167,68.74,34,100,3.47,DZ,2023-10-31 02:30:57
560,ascension,30.2169,-90.9001,55.0,79,100,10.36,US,2023-10-31 02:30:57
561,qarazhal,48.0078,70.7903,42.33,69,100,15.68,KZ,2023-10-31 02:30:57
562,hsinchu,24.8036,120.9686,80.89,63,14,8.01,TW,2023-10-31 02:30:58
563,mejit,10.2753,170.8646,82.81,79,98,19.15,MH,2023-10-31 02:30:58
564,usogorsk,63.4106,48.6872,25.66,83,100,2.51,RU,2023-10-31 02:27:15
565,iwaki,37.05,140.8833,70.77,62,81,3.69,JP,2023-10-31 02:24:51
566,vilhena,-12.7406,-60.1458,71.26,89,91,5.84,BR,2023-10-31 02:30:58
567,najran,17.4924,44.1277,65.05,53,39,3.87,SA,2023-10-31 02:30:58
568,zhongshu,24.5167,103.7667,62.89,77,100,3.44,CN,2023-10-31 02:30:58
569,murygino,58.7383,49.4582,27.36,92,79,4.21,RU,2023-10-31 02:30:58
570,bahia blanca,-38.7196,-62.2724,50.83,65,65,4.0,AR,2023-10-31 02:30:58
571,christchurch,-43.5333,172.6333,71.55,87,100,21.85,NZ,2023-10-31 02:20:59
572,dapa,9.7594,126.0531,83.1,70,78,3.65,PH,2023-10-31 02:30:58
573,alice springs,-23.7,133.8833,85.55,13,2,16.11,AU,2023-10-31 02:24:54
574,sisimiut,66.9395,-53.6735,29.41,61,84,10.13,GL,2023-10-31 02:30:59
575,liepaja,56.5419,21.0367,46.38,100,0,6.91,LV,2023-10-31 02:30:59
576,nolinsk,57.5596,49.9363,24.96,97,95,5.84,RU,2023-10-31 02:30:59
577,westport,41.1415,-73.3579,52.83,81,100,10.36,US,2023-10-31 02:27:19
578,dover,39.1582,-75.5244,55.42,81,100,9.22,US,2023-10-31 02:30:24
579,jijiga,9.35,42.8,61.79,91,20,3.02,ET,2023-10-31 02:30:59
580,puerto aysen,-45.4,-72.7,33.33,97,99,0.74,CL,2023-10-31 02:30:59
581,goondiwindi,-28.55,150.3167,99.36,12,1,23.87,AU,2023-10-31 02:30:59
582,la mira tumbiscatio,18.6833,-102.2833,74.55,89,25,4.63,MX,2023-10-31 02:30:59
583,simplicio mendes,-7.8539,-41.9103,76.15,33,18,5.01,BR,2023-10-31 02:31:00
584,bontang,0.1333,117.5,85.5,66,73,7.07,ID,2023-10-31 02:27:32
